{
  "project_info": {
    "project_number": "552856481010",
    "project_id": "notesapp-6e1c5",
    "storage_bucket": "notesapp-6e1c5.appspot.com"
  },
  "client": [
    {
      "client_info": {
        "mobilesdk_app_id": "1:552856481010:android:da5b52c5d630044c28b46b",
        "android_client_info": {
          "package_name": "com.example.noteapptest2"
        }
      },
      "oauth_client": [],
      "api_key": [
        {
          "current_key": "AIzaSyCuhwGF81bDFS9R_3F4zw-1AioGpCwK6HI"
        }
      ],
      "services": {
        "appinvite_service": {
          "other_platform_oauth_client": []
        }
      }
    }
  ],
  "configuration_version": "1"
}